10ml 18ngày 1h30 1đến 40oc 48kg 5oc 6-12 62cm a-series a00 a01 a10 a53 a7010 a9x a_european_reference a_facebook a_nation aaa aaron_stein abces abcnews abdul_aziz abidali_neemuchwala abitur abu_dhabi academic academic_ranking accepted_credentials accountability accreditation accreditation_board acetaminophen achatian acid_amin acid_béo acquiring active_matrix adam_bain adam_doud adamkhoo adapter adaptive_display add adenosine adhd admission adn adolfer_hitler adrenaline adreno advantage adweek aedes aegypti aerobic affodable_higher_education agency ai_cập ai_ngờ aids air_play airbnb airơlen ajinomoto akg ako_salemi al-qaeda albany alberta albica alcaloit alcon_tobrex alevel alexa_amazon alexandra_solomon alexandre alibaba alicia alicon_richard alljoyn alpha-beta alpha-lactalbumin alpha-linolenic alphabet alphabet_inc alphabet_đối_larry_page alphago altavista altbach alternative alwaleed alway_on alzheimer alzheimer_những alzheimer_từ am_amoled amaya_daisuke amaze amazon amazon_echo amazon_facebook amazon_google amazon_kindle american_association american_civil_liberties_union american_college_test american_historical_association_blog amiđan ammattikorkeakoulu ammattikoulu amoled amoled_lcd amoxiclillin ampicillin amsterdam amy_adler amygdala an_dương_vương an_giang an_lòng an_thần an_định analysis ananiadou ananiadou_claro andrew_cowie andrew_varga androgen android android_apple android_bồ_đào_nha android_galaxy android_google android_google_apps android_lollipop android_nexus_one android_one android_samsung_oppo android_sony android_wear android_wear_google android_web andy_rubin angela_ahrendts angelina_jolie angiostrongylus anglo-saxon anh_cả anh_hùng anh_văn anick_jesdanun_indian_express anonymous anoto_live_pen anthony_noto antibiophilus apaie apigenin app_drawer app_store app_store_google_store app_store_mỹ apple_amazon apple_california apple_computer_inc apple_google apple_jobs apple_keychains apple_microsoft apple_music apple_news apple_news_accelerated_mobile_pages apple_parental_woz apple_pay apple_pay_apple_music apple_samsung apple_siri apple_steve_jobs apple_store apple_thêm apple_trung_quốc apple_watch apple_watch_edition_đây applied_ergonomics apps apps_edge aptoide arab ara… archives arhentina arizona arkansas arment arobic aronthron arpanet ars_technica arsenic artisan arwu asbestos ascorbic asean_tpp asen ashlee_vance asianweek aspartame asphalt aspirin aspirin_đôi assembled assessing assessment associate association asus atari atcs atcs_eu atcs_naep athena atisô atropine attt auctions_nhưng audiophile augmentin austin australia_new_zealand autonomy avant-gardistes axit axit_amin axít azerbaijan azim_premji azim_premji_tài azithromycin b12 b_amazon b_cả_vitamin ba-kia ba_ba ba_lan ba_lô ba_mươi ba_tơ ba_vì ba_đình bacalaureat baccalaureate back backdoor backend backlight backup bagrut bahasa_indonesia bahasa_indonesia_tôn bahasa_malaysia baidu baidu_tencent baker baking balo baloch ban_chấp_hành ban_giám_hiệu ban_phát bang_california bangalore banh bao_bọc bao_bố bao_che bao_cấp bao_phủ bao_quát bao_trùm bao_tử bao_vây baobacninh baomoi barcelona baron base bastyr bastyr_kenmore batalova batilla bay_area bay_bổng bb-12 bb12 bbn bbs bcg bch_tw bchtw bdbv beats beats_apple beauty becker behalf behavior bele bellanca bend benjamin_franklin bepanthen berberin bernstein berry beta-carotene beta-cryptoxanthin bgdđt bgr bi_bô bi_kịch bia_rượu bifidobacteria bifidobacterium bill_gates binh_lính binkley bio-rad bio-trak bioflavonoids biologie biomechanics bios biphenyls bishop_fox bitmoji bitquark biên_chế biên_cương biên_phòng biên_soạn biên_tập_viên biến_chứng biến_dị biến_hình biến_hóa biến_thiên biến_thể biến_tướng biến_tấu biết_đâu biếu biển_báo biển_hiệu biển_nha_trang biển_đông biểu_bì biểu_cảm biểu_diễn biểu_thị biểu_tình biểu_đạt biện_minh biệt_danh biệt_lập biệt_thự bkav black_friday blackberry blastar blinkfeed bloatware blogger bloomberg bloomberg_businessweek blu-ray bluetooth blur bmi bmw bnv bo_mạch bo_mạch_chủ body boeing bolt_beranek bom_mìn bom_đạn bong_bóng boomsound bosnia_herzegovina boston_consulting botox bowdoin bower bowers box bphone bphone_việt_nam brad brave braxton brca1 brca2 breus brigham brilliant brin brin_schmidt british_dental_journal british_university_vietnam broadalbin_centrai broadwell broadwell-ep broward_college broward_college_việt_nam bryan_thomas bryderup bundibugyo bunions bunionsb bureaucratic bushman business_enviroment_risk_intelligence butyl buyến buzzfeed buzzfeed_vox buông buông_lơi buông_lỏng buốc buồm buồn_ngủ buồng_lái buồng_trứng bvmắt bvtv bvtv_tp bye-bye byosybtin byte_shop bài_thuốc bài_toán bàib bàn_chân bàn_chải bàn_cờ bàn_phím bàn_tính bàn_định bàng_cẩm bành_trướng bào_chế bào_mòn bào_thai bá_chủ bác_ái bách_bệnh bách_bộ bách_hợp bách_khoa_anh_hoàng_xuân_hiến bách_khoa_hồ_chí_minh bám_trụ bám_víu bán_chạy bán_cầu_não bán_hạ bán_sơn_địa bán_sỉ bán_đảo bán_đấu_giá bánh_bao bánh_canh bánh_gio bánh_kẹo bánh_mì bánh_quy bánh_rán bánh_sandwich bánh_tráng báo_chính báo_công báo_danh báo_giáo báo_infonet báo_lao báo_nói báo_tử bát_tràng bâc bãb bãi_bỏ bão_lũ bè_cánh bé_ngân béo bênh_vực bìa bình_an bình_bán bình_bát bình_bầu bình_chánh bình_diện bình_minh bình_nguyên bình_phục bình_thuận bình_định bí_ngô bí_rợ bí_thư bí_thư_đảng bí_đao bí_đỏ bí_ẩn bít_tất bò_sát bòng_bong bó_buộc bóc_lột bóng_bàn bóng_bán_dẫn bóng_bảy bóng_bầu_dục bóng_dáng bóng_mát bóng_rổ bóp_nghẹt bôi_nhọ bôi_trơn bôi_đen bôlônhơ bù_lỗ bùi_anh_thồn bùi_anh_tuấn bùi_bá_xương bùi_mạnh_nhị bùi_quang_tuyến bùi_quang_tuyến_võ_đăng_bình bùi_thị_cần bùi_trân_phương bùi_trân_phượng bùi_trân_phượng_trường_đại bùi_văn_ga bùi_đức_thụ bún bút_nghiên băm băng_cô băng_cốc băng_thông băng_đảng băt bơt bưng_bít bưu_điện bươu bước_sóng bước_đi bước_đường bướm bướu_cổ bưởi bạc_hà bạc_liêu bạc_liêu_đợt bạch_cầu bạch_huyết bạch_mai bạch_mai_infonet bạch_truật bạch_tuộc bạn_google bạn_hàng bạo_hành bạo_loạn bạo_động bạt_ngàn bản_gốc bản_kéo bản_lĩnh bản_lề bản_sport bảng_biểu bảng_đen bảo_ban bảo_dưỡng bảo_hiểm_y_tế bảo_hành bảo_kê bảo_lĩnh bảo_lưu bảo_mẫu bảo_quản bảo_trợ bảo_tồn bất_di_bất_dịch bất_kì bất_lợi bất_mãn bất_thành bầm bầng bầu_chọn bầu_cử bầu_trời bầy bẩm bậc_khung bậc_sơ bậc_thang bậc_tiểu bậc_trung bập_bẹ bật_cười bật_mí bắc_bộ bắc_kinh_apple bắc_kinh_thanh_hoa bắc_kinh_đại bắc_kỳ bắc_mỹ_châu_âu bắc_ninh bắc_phi bắc_triều bắc_trung_nam bắc_tây_nguyên bắc_từ_liêm bắc_việt_nam bắc_âu bắp_chân bắp_cải bắp_tay bắt_bẻ bắt_cóc bắt_nét bắt_nạt bắt_tay bắt_đền bằng_ccao bằng_luật bằng_nghề bằng_thạc bằng_tiến bằng_trung bẳng bẻ_khóa bến_bờ bề_ngoài bể_phốt bệnh_bạch_cầu bệnh_cảnh bệnh_ebola bệnh_nhi bệnh_nhân bệnh_phẩm bệnh_rotavirus bệnh_streptococcus bệnh_sử bệnh_tình bịa bịch bọ_gậy bọng bọt_biển bỏ_bê bỏ_dở bỏ_lửng bỏ_mạng bỏ_phiếu bỏ_qua bỏ_túi bố_con bốc_hơi bốc_phét bốc_thăm bốt bồ_câu bồi_bàn bồi_bổ bồi_dưỡng bồi_hoàn bồi_thường bồn_tắm bồng_bế bồng_trung bổ_dưỡng bổ_ngữ bổ_túc bổn_phận bộ_giáo bộ_lao bộ_mặt bộ_phận bộ_tài bội_nhiễm bột_ngọt bờm_xơm bởi_clay bởi_uber bục bụi_bặm bụng_dưới bứa bựa bực_tức c-39 c00 c220342 c320202 c320402 c_blue_dyes c_nexus c_toán c_điê c_được ca_nhạc ca_sỹ ca_tụng caat cac-truong-mang-ten-bac-tien-hien cacao cafein caffein caffeine café cai_quản cakes_cortana calci calcium california_san_francisco california_state_university callosum calory calory_như caltech calyton cam_hà_giang cam_một cam_plus cam_ranh cam_thảo cam_đoan cambridge cambriger camera camera_camera camera_chụp camera_các campuchia can-xi canada_ireland canada_mỹ canada_york canadian cananda canađa canađa_oxtrâylia cancer_epidemiology candida cang canh_bạc canh_nông canh_tân cannon cannoy cantonensis canxi canxi_vitamin canxipro cao_nguyên cao_phong cao_sỹ_kiêm cao_thắng cao_văn cao_điểm cao_đẳng cape_town capitalism capsaici capsaicin caramel caramen carbohydrate carbohydrates carbonhydrate cardio cardio_cardio carekit carinotetraodon cariou carl_bazil carl_zeiss carnegie_mellon_university carnoy caroten catechin catholics cathy_gorn cation cau_có cave_story cbo cbt cdc cdma cedars-sinai cegep celery cellulose central_admissions_office century century_skills century_skills_project ceo ceo_nom ceramic cerc certificate cfo cgd cha_mẹ cha_đẻ chacha challenges chanh chanh_ít chaos charater charles charlotte chatbot che_chở che_lấp che_phủ che_đậy ched chelonodon chelsea chen_chân chi_bộ chi_cục chi_hội chi_nhánh chi_phí_sản_xuất chi_tử chi_đoàn chia_lìa chia_rẽ chia_tay chia_xẻ chicago chim_cút china_business_journal china_yellowpages chinh_chiến chinhphu chip chipset chirstina_warren_mashable_asia chiêm_bao chiếc_apple_watch chiếc_model chiếc_smartisan chiếm_dụng chiếm_đóng chiến_công chiến_mã chiến_sự chiến_tranh_giải_phóng chiến_tranh_phá_hoại chiến_tuyến chiến_địa chiết_khấu chiết_xuất chiếu_phim chiếu_rọi chiếu_tướng chiều_cao chiều_chiều chiều_hôm chiều_hướng chiều_tà chiều_tối chlorophenol cho_anh cho_dù cho_phép choi cholesterol cholin choline chowng choáng_ngợp chris_cox chris_hansen christan christan_điều christian christophe chrome chrome_google chrome_internet_explorer chu_cẩm_thơ chui_lủi chung_khảo chung_quanh chung_quy_lại chung_sống chung_đúc chuyên_ban chuyên_chính chuyên_chế chuyên_môn_hóa chuyên_mục chuyên_nghiệp chuyên_nguyễn_tất_thành chuyên_quyền chuyên_trang chuyên_đề chuyển_hoá chuyển_mình chuyển_phát chuyển_thể chuyển_tiền chuơng chuẩn_bị chuối_chuối chuồng_trại chuộc chuột_rút chuột_đồng chxhcn chyển chàm chàng_trai chào_mào chào_mời chào_đón chày chác chán_ghét chánh_văn chánh_văn_phòng châm_chước châm_chọc chân_dung chân_hàng chân_lý chân_lý_tương_đối chân_trời chân_tài chân_vạc chân_vịt chân_đế chân_đốt chât châu_lục châu_thái_bình_dương châu_âu_mỹ_la chè_chén chè_hạt chèn chèn_ép chèo_bẻo chèo_lái chê_bai chê_cười chìa_khoá chìm_lỉm chí_khí chí_mạng chích chín_tới chính_chính chính_hữu chính_ngân chính_phủ_điện_tử chính_thể chính_thức chính_trường chính_trị chính_trị_học chínhs chít chíến chòm chót chông_gai chõ chõng chùi chùm chùn chú_thích chú_trọng chú_ý chúi chúi_đầu chúng_em chút_ít chăm_pa_chúa_nguyễn chăn_chiên chăn_dắt chĩnh chơi_bời chưng_hửng chương_đại chứ chướng_khí chướng_ngại chườm chưởng chạy_chọt chạy_ngược_chạy_xuôi chạy_đua_vũ_trang chảo chấn_chỉnh chấn_hưng chấp_hành chất_béo chất_khử chất_lỏng chất_thải chất_vô_cơ chất_vấn chất_độc_màu_da_cam chấtcó chấtlà chấu chần_chừ chẩm chẩn_đoán chậm chập_tối chắc_hẳn chắp_cánh chắp_nối chẳng_lẽ chẳng_mấy_chốc chẹp chẻ chế_hóa chế_ngự chế_tài chế_tác chế_tạo_máy chế_xuất chế_định chế_độ_chuyên_chế chế_độ_dân_chủ chế_độ_tư_hữu chết_hụt chết_tươi chết_yểu chết_đứng chỉ_ban chỉ_california chỉ_hội chỉ_phó_thủ chỉ_số chỉ_thị chỉ_tiêu chỉ_điểm chỉnh_lý chỉnh_đốn chị_em chị_nuôi chịch chịu_chơi chọc chối_cãi chống_chế chống_chọi chống_đỡ chồm chồng_chéo chồng_chất chồng_lấn chờn_vờn chợ_cầu_diễn chợt chụi chủ-vị chủ_biên chủ_chương chủ_nghĩa_cộng_sản chủ_nghĩa_phát_xít chủ_nghĩa_quốc_gia chủ_nghĩa_thực_dân chủ_nghĩa_tư_bản chủ_nghĩa_xã_hội chủ_nghĩa_yêu_nước chủ_nghĩa_đế_quốc chủ_quan chủ_quyền chủ_quản chủ_sở_hữu chủ_tài_khoản chủ_tọa chủ_điểm chủ_đích chứa_chan chứa_chất chức_quyền chức_vụ chứng_cứ chứng_dẫn chứng_nghề chứng_nhân chứng_tích chứng_tốt chứng_từ chừng_mực chửa chửi_thề chữ_cái chữ_dũng chữ_nghĩa chữ_việt chữa_chạy cinema circuit-switching citizenship citric city_bridge clark claro classic classic_samsung classifying_national_education_programs clay clb clinical clinical_endocrinology clinton clockspeed clonazepam clorid clorin clorit clorua cloud cloud_backup cloud_tuy cmu cnh cnkt cntt cnxh co_bóp co_cụm co_giãn co_giật co_kéo co_ro coating cobra cobra_stretch cocktail code coffe coi_nhẹ coi_thường cola colgate_toatal collagen college college_board colleges colleges_admission_service collges collydexa colombia colorado coloros colorprime colostrum comment comments commission commodore communautaire communication_technology community community_college community_colleges compact compaq competences competencies competitive complementary_medicine comprehensive con_bé con_dao_hai_lưỡi con_gái con_lạc_cháu_hồng con_nghiện con_trai con_trẻ concert confinity confronting connected connecticut console constellation_research consumer_reports contact continuity_handoff continum contiuum contributing control_group cook cookie cool corbière core corpus cortana cortana_intelligenec_suite cortex corticoid corticord cortisol cosmo_daily_mail costumized cotton counterpoint countries courier covey cpu cpu_gpu crazy_stone creatinin credit_suisse crest crisco critical cross-national crystal csrf csu ctxd_cnkt_ctxd_dd_cn cua_đồng cuba culex culture cung_cách cung_trí cupertino cups curcumin curriculum cuô cuả cuối_steve_jobs cuống cuổi cuộc_chiến cuộc_đời cvd cybermetrics_lab cynthia_sass cyproteron cytokine cà_chua cà_lăm cà_rốt cài_đặt cào cày cày_cuốc cá_biệt cá_bơn cá_bống cá_chép cá_cá cá_cơm cá_cược cá_hồi cá_kiếm cá_kình cá_lóc cá_mè cá_mòi cá_ngừ cá_nóc cá_nước cá_rô_phi cá_thu cá_trích cá_tư các_ban các_câu các_hà_nội các_nhà các_tiểu các_trung các_văn các_vật các_đại cách_chức cách_microsoft_việt_nam cách_mạng_công_nghiệp cách_mạng_hóa cách_mạng_khoa_học cách_mạng_văn_hóa cách_thủy cách_trở cách_tân cách_âm cách_điệu cám_dỗ cán_cân cán_sự cánh_buồm cáo_buộc cát_cứ cáu_gắt cáu_kỉnh câu_cú câu_kéo câu_lạc_bộ câu_lệnh câu_nệ câu_phó_thủ câu_steve_jobs câu_thúc câu_thơ câu_việt_nam câu_đầu cây_công_nghiệp cây_lá cây_trồng cây_ăn_quả cò_kè còn_apple còn_hội còn_internet còn_jawbone còn_motorola còn_sony còn_việt_nam cònammattikorkeakoulu cô-la cô_giáo côn_trùng công_binh công_bằng công_chứng công_diễn công_dụng công_gô công_hiệp công_hiệu công_hội công_kích công_luận công_nghiệp_hoá công_nghiệp_hóa công_nghệ_cao công_nghệ_học công_nguyên công_nhận công_nông_nghiệp công_sở công_thương công_trình công_trình_phụ công_trường công_trạng công_ty_mẹ công_ty_trách_nhiệm_hữu_hạn công_tác_phí công_tâm công_tư công_viên công_vụ công_xã công_điện công_ước cõi cùi cú_pháp cú_pháp_học cúc_hoa cúm căm_hờn căm_thù căng_thẳng cũng_hiệp cũng_ông_xuân_anh cơ_bắp cơ_cấu cơ_duyên cơ_khí cơ_sở cơ_thể cơn_sốt cư_dân cư_ngụ cưng cương_lĩnh cương_tỏa cươngb cước_phí cười_cười cười_duyên cườm cường_giáp cường_lực cường_quyền cường_tập cưỡi_ngựa_xem_hoa cưỡng_bách cưỡng_ép cạm_bẫy cạnh_đáy cạo cả_oppo_việt_nam cả_samsung_motorola cải_biên cải_bắp cảm_biến cảm_hoài cảm_nhiễm cảm_nhận cảm_thông cảm_thụ cảm_tạ cảm_ứng cảng cảnh_cáo cảnh_ngộ cảnh_tỉnh cảnh_việt_nam cấm_cửa cấm_vận cấn cấp_bậc cấp_bộ cấp_cứu cấp_phát cấp_thiết cấp_tiểu cấp_điện cất_cánh cất_công cất_giữ cất_nhắc cấu_hình cấu_thành cấy_ghép cầm_quyền cần_thơ cần_tây cầu_an cầu_cứu cầu_dao cầu_lông cầu_nguyện cầu_thị cầu_toàn cầu_tài cầu_viện cầu_vượt cầu_đường cẩm_nang cẩm_nga cẩm_thủy cẩm_yên cẩm_yên_bệnh cẩn_thận cẩu cậu_bé cắm_đầu cắn_xé cắt_nghĩa cắt_xén cẳhng cẳng_chân cặn_bã cỏ_xước cố_chấp cố_đô cố_đấm_ăn_xôi cối cống_hiến cống_rãnh cốt_cán cốt_truyện cổ_họng cổ_loa cổ_phần_hoá cổ_suý cổ_thụ cổ_trướng cổ_tích cổ_tức cổ_đại cổng_thông cội_nguồn cội_rễ cộng_hưởng cộng_sản cộng_tác cộng_tác_viên cờ_tướng cờ_vua cờ_vây cởi_mở cụ_thể_hoá cụ_thể_hóa cục_diện cụm_từ củ_cải củ_cải_đường cứ_alibaba cứng_cáp cứng_đầu cứu_hỏa cứu_hộ cứu_sinh cứu_thương cứu_tinh cứu_viện cứu_vãn cửa_khẩu cửa_kính cửa_miệng cửa_mở cửa_nhà cửa_sông cửa_tiệm cự_ly cựa cựu_chiến_binh cựu_học d01 d02 d04 d07 d210403 d210404 d210405 d220201 d220209 d220213 d_một d_uv d_vitamin d_điều da_dẻ da_liễu da_sần dac daily_mail daily_mail_anh dailymail daiwa dambr dan_seifert_the_verge dan_snow danh_bạ danh_dự danh_giá danh_nghĩa danh_nhân danh_tính daniel_ives dantri dao_cạo dao_mổ darwin david_carpenter david_curry david_paul_morris david_slater dbt debbie_mandel deep deep_blue deepmind degree deloitte demand demo dengue denise_millstine denmark dennerlein department deseco designed designone desire developer dewey dexa dgw dha di-lân di_cư di_dời di_tích diacetyl dialyl dick_costolo didi_kuaidi diedra dielac_grow_plus dielac_grow_plus_vinamilk diet diet_plan digital_crown digiworld digiworld_petrosetco dioxit dirac discover discover_snapchat_instant_articles_facebook display diễm_phúc diễn_giải diễn_giảng diễn_thuyết diễn_tập diễn_xướng diệt_vong diệu do_ban_nghiên do_giang do_hội do_nghị do_viêm doanh_lợi doanh_nhân doanh_số docs_calendar dolby dolby_atmos dolby_digital dolphin_plaza domains domina domoic_acid door-in-door dopamine dorsey doubleclick douglass doujin download doán doãn_kiến_lợi doãn_minh_đăng dragon dragon_space drive driver droid drone dropbox dsd dsd256 dslr dsm du_hành_vũ_trụ du_học_sinh du_khách dual_guard dual_pixel dubai dung_hòa dung_môi duy_trì duy_tân duy_tân_đại duyê duyên duỗi duỗib dvb dx900 dài_hơi dáng_vẻ dánh dâm_bụt dân_chúng dân_chủ_hóa dân_gian dân_nghèo dân_sinh dân_trí dân_tộc_học dân_tộc_thiểu_số dâng dâu_tây dâu_tằm dây_chằng dây_cáp dây_dẫn dây_thần_kinh dây_xích dã_tâm dãy dè_chừng dìm dò_dẫm dò_xét dòng_sông dòng_điện dù_xperia dùi_cui dĩ_hòa_vi_quý dơi dơn dư_lượng dưa dưa_chuột dưa_hấu dưa_đỏ dương_khắc_linh dương_thuấn dương_xuân_thành dương_xỉ dưỡng_chất dược_hà_nội dược_học dược_liệu dược_lý dược_phẩm dược_tính dạng_hình dạy_học dảm dấm dấu_hỏi dấu_phẩy dầu_bạc_hà dầu_cá dầu_gội dầu_lạc dầu_mỏ dầu_mỡ dầu_thô dầu_tẩy dẫn_nhiệt dẫn_xuất dẫn_độ dẫn_động dẫu_vậy dằn dẳng dẹp dễ_xin_việc dệt_may dị_nhân dị_tật dịch_tễ dịch_tễ_học dọn_dẹp dứa dứa_dứa dừa dừa_tuy dữ_liệu dự_liệu dự_luật dự_toán dự_trù dự_trữ dự_tuyển dự_án_giải_cứu_tê_giác dự_đại e-learning e_sợ e_vitamin ebay ebola_tại ebola_tờ_chinhphu ebolavirus ebov echolalia economic_daily_news ectomorph ectoparasiticides eddy_cue edelstein edge edge_plus eds eduard_rhein_kulturpreis education education_world educational_change educational_communications edutopia efficiency egcg eiichi_katayama el_captian elastin electronic_flight_bag elisa elite elon_mush elon_musk elon_musk_bloomberg elon_musk_iron elon_musk_mỹ elon_musk_paypal elon_musk_quora elon_musk_space em_nguyễn_hữu_đức emarketer emily_stark emojie emory_atlanta empire en_gauge enem engadget engineering english_basic entrance entreprênu enzym enzyme eosine epinefrin equity eri-net eric_schmidt eric_schmidt_hong_kong ericsson erik_st estrogen estrogen_đậu etcs ethanol eulenstein european_pressphoto_agency evan_wilson evanston evo ewan_spence_forbes ewg exam exe exolens experimental explainability extra exynos exynos_samsung exynos_việt_nam facbook facebook_camera facebook_chiều facebook_các facebook_facebook facebook_google facebook_menlo_park facebook_messenger facebook_mỗi facebook_mỹ_tâm facebook_twitter facebook_whitehat_hall facetime fairsearch falcon fame fame_facebook fame_pay family_hub_samsung fan_hui fao farm farm_love fax fayetteville fbchess fbg fbi fbr fda feed feet fields file filoviridae filovirus finland finnish_lessons firmware first_data fitbit flagship flappy_bird flash flavanol flavonoid flickr florida florua flunk focus_pixel folate folic followers foods forbes_việt_nam force_touch forest formaldehyde formaldehyt fortune fossil fowler foxconn foxconn_thành_đô foxconn_trung_quốc frank_gehry frans_rosén free_radical_biology_medicine freedom frieze_art from fta fulbright fulbright_viê fulice fullana fullerton fumafer functional g_flex g_signature g_wayne gadget galaxy galaxy_explorer galaxy_note galaxy_note_samsung galaxy_samsung galaxy_tab gallimaculatus galtung ganh_đua garmin garry_kassparo gartner gary_kasparov gats gavi gbps gchq gd_cơ_bản gd_đt gdnn gdtrh gdđh gear gear_fit gears geekbench gem gen_vinmec general_dentistry general_secondary general_secondary_education general_secondary_school genistein geoffrey get_you_ready getty_images ghen_ghét ghi_chú ghi_danh ghi_hình ghz ghèn ghê_tởm ghẻ_lạnh ghế_dựa gia_chủ gia_cầm gia_súc gia_sư gia_vị gia_đình_nông_dân_siêu_phàm giam_giữ giam_hãm gian_khó gian_thương gian_truân giang_bộ giang_sơn giang_uỷ giant_freakin_robot giao_diện giao_kết giao_nộp giao_phó giao_thức giao_tuyến giao_tế giaoduc giả gif gifs gigaom gionee girls_generation gizmodo già_trẻ giàu giày giày_dép giá_cạnh_tranh giá_cả giá_sàn giác_mạc giác_quan giám_hiệu giám_khảo giám_thị gián_điệp giáng_sinh giáo_chức giáo_dục_học giáo_dục_phổ_thông giáo_dục_việt_nam giáo_sinh giáo_trình giáo_án giáp_hạt giây_lát giây_phút giãn giãn_nở giêng gióng giúp_sức giăm_bông giăng giơnever giường_bệnh giả_danh giả_mạo giả_thiết giả_tưởng giải_cứu_tê_giác giải_khát giải_mã giải_nhiệm giải_nhiệt giải_thể giải_toả giải_tích giải_văn giải_độc giảm_cholesterol giảm_giá giảng_giải giấm giấy_bạc giấy_vệ_sinh giầy giận_dỗi giận_dữ giật_lùi giắc giắt giằng_co giặc giặt giết_hại giết_mổ giỏ giỏi giống_nòi giới_chức giới_luật giới_từ giờ_giấc giờ_nhật giờ_nhật_bản giờ_phút giờ_tổ giở glaxo glp glu_mobile glucan glucose glutamate glutaraldehyt gluten gmail gmail_google gmo gmp gni gogameguru_hôm gogameguru_mặc gogameguru_sau gold golden_gate_ventures goldman_sachs google google_ad google_apps google_docs google_drive google_earth google_facebook google_glass google_installer google_larry_page_sergey_brin google_maps google_microsoft google_mozilla google_now google_now_android google_now_google_now google_photos google_play google_play_music_pandora google_sau google_sites google_trung_quốc google_trung_quốc_kaifu_lee google_twitter google_ventures google_việt_nam google_việt_nam_ngày goole gotit gout governors gpa gpu graham_townsend graves greenway greg_noh grohol groove_music gs-ts gsm gsp guardian gueckedou guinea guo guéckédou gym gà_ri gà_tây gàu gác gán_ghép gánh_chịu gây_hấn gây_mê gíao gíc gò_má gò_ép góp_dự góp_mặt góp_nhặt găng_tay gưi gương_mẫu gạn gạo_lức gạo_tẻ gấm_vóc gần_gũi gầy_dựng gắng_sức gắp gắt_gỏng gặm_nhấm gặp_mặt gặt_hái gốc_tích gội gỡ_gạc gợi_mở gợi_tả gợi_ý gừng_các h1n1 h_phòng_cấp hacker hai_ba hai_bà_trưng_hạ_lôi hai_christian halcyon_molecular halloween ham_thích hammertoes hang_ổ hardocp harvard_yenching hashtag haswell havard hawaii hawthorne hd_hdr hdl hdr hdr_tv health_panda helicobacter_pylori hemoglobin hemophilus_influenzae hen_suyễn here_maps het_laatste_nieuws heuristic hi-fi hi_hữu hicks hierachical hierarchical high_dynamic_range higher higher_education higher_education_adminiistration him_lam hippocrates hirai histamine history history_education history_test hivsẽ hiến_pháp hiểm_họa hiển_thị hiểu_biết hiện_foxconn hiện_hà_nội hiện_messenger hiện_wipro hiện_đại_hoá hiện_đại_hóa hiện_ảnh hiệp_thương hiệp_định hiệp_đồng hiệu_chỉnh hiệu_năng hiệu_phó hiệu_trưởng hkale hkphone hmc hn_tp_hcm ho_hen ho_khan hoa-thom hoa_kì hoa_lý hoa_quả hoa_sen hoan_nghênh hoạ hobart hoc holger_mueller hololens homebrew hon_hai_precision_industry_co honda honor hoocmon horizon_ventures hormon hormone howard_gardner hoà_tan hoàn_chỉnh hoàn_kiếm hoàng_cầm hoàng_hôn hoàng_hưng hoàng_khánh_toàn hoàng_kim hoàng_mai hoàng_nga hoàng_ngọc_hòa hoàng_ngọc_vinh hoàng_phương hoàng_sa hoàng_sa_trường_sa hoàng_sơn_công hoàng_tử hoàng_văn_châu_hiệu hoàng_văn_thái hoàng_đế hoàngngọc hoành_hành hoá_chất hoá_sinh hoá_thân hoá_trang hoán_đổi hoạ_mi hoại_tử hoạt_chất hoảng_loạn hoặc_cortana htc html huawei huawei_thẩm_quyến huffington_post hung_thủ hutchison_holdings hutech huy_hiệu huyết_áp_cao huyết_áp_thấp huyện_ủy huyệt huấn_luyện_viên huỳnh_quang huỳnh_trọng_dân huỳnh_văn_sơn hybrid hydrated hydrated_silica hydro hyperlapse hyperloop hypnic hyrdo hà_lan_báo hà_nội_quang_trung hà_nội_đào_thị_thu_giang hà_nội_đại hà_đỗ hàm_chứa hàm_ếch hàn_lâm hàn_quốc_nếu hàn_quốc_samsung hàn_quốc_trung_quốc hàng_hoá hàng_không hàng_phố hàng_thịt_nguýt_hàng_cá hàng_xách hàng_xóm hành_khách hành_kinh hành_lang hành_lang_pháp_lý hành_lý hành_ta hành_tây hànhb hào_quang hàu hám_lợi hâm_mộ hãng_lenovo hãy hình_hài hình_họa hình_học hình_khối hình_mẫu hình_phẳng hình_sự hình_thái hòa_nhập hòa_nhịp hòa_quyện hòa_đồng hòm_thư hóa_dược hóa_tính hóa_xương hô_hào hôn_mê hộ hùng_vương hđqt hơi_nước hơp hợ hương_sơn hương_vị hướng_dương hướng_nghiệp hướng_thiện hưởng_thụ hạch_toán hạn_hán hạn_định hạng_mục hạnh_kiểm hạnh_nhân hạt_giống hạt_nhân hải_dương_hải_phòng hải_quan hải_quân hải_sản hải_tổng hải_đảo hấp_hối hấp_thụ hầm_hố hậu_cần hậu_thuẫn hắt_hơi hắt_xì_hơi hệ_cao hệ_miễn_dịch hệ_mầm hệ_quả hệ_sinh_thái hệ_số hệ_tiểu họat_động học_bạ học_chế học_giới học_hàm học_học học_kỳ học_lực học_mẫu học_phí học_phần học_thi_thi_học học_thuyết học_trò học_việc học_vẹt học_vị họchàng họcngoài học” họng họp_bàn hỏng_hóc hối_thúc hồ_chủ_tịch hồ_ngọc_đại hồ_ngọc_đại_trung hồi_giáo hồi_sức hồi_đáp hồng_anh hồng_cầu hồng_kong hồng_kông hồng_đức hổ_mang hộ_khẩu hộ_tịch hội_dinh hội_dược hội_giáo hội_họa hội_họp hội_khoa hội_khuyến hội_kinh hội_sở hội_thoại hội_thí hội_trường hội_tâm hội_viên hộp_thư hỡi hợp_cách hủ_tiếu hủy_bỏ hủy_hoại hứa_hẹn hứng_chịu hữu_nghị i-connect i_chí i_sả i_thế i_tên_và i_viên ian_glover iarc ibm ibooks ibuprofen icloud idc identity idp ieienj ifa ihs ii_hd ilsi immaculatus imperial_college_london imps in_ấn inalpha inbox_google independent indian_express indie infocus infonet_theo information innofest innovative insider instagram instagram_snapchat instagram_việc instant_articles instant_articles_facebook insulin interface_message_processors internal_medicine international_life_science_institute internet_facebook internet_foxconn internet_mặt internet_plus internet_trung_quốc interpersonal intex intrapersonal inverter_dual iowa ip7x ipad ipads iphone iphoto ips_lcd ipsos_news_center ipsos_toronto iran iris iris_lens_photojojo iris_photojojo iron_man isced ishd israel_linx italy_tây_ban_nha itunes ivy_jiang jack jack_dennerlein_đại jack_dorsey jama james_duke jani_zhu janos japan jawbone jean-marie jecfa jeff_williams jeffrey_linder jelil jerk jiang jobfair jobs jobs_wayne jobs_wozniak john_winkelman jony_ive joonsuh_kim joshua joshua_dunlop jump junaid_hussain jvc kaifu_lee kaki kali kanazawa karunamurthy kaspersky_lab kazuo_hirai kcal kerry kh-dv khai_phóng khai_quốc_công_thần khai_thông khai_trương khai_vị khao_khát khay khen_ngợi khen_thưở khen_tặng khi_apple khi_chương khi_facebook khi_google khi_liên khi_microsoft khi_steve_jobs khi_uber khinh_khí_cầu khinh_rẻ khiếm_khuyết kho_tàu kho_tộ khoa_cử khoa_học_tự_nhiên khoa_học_xã_hội khoa_lịch khoa_truyền khoa_động khoai khoai_lang khoai_mì khoai_tây khoan_dung khoanh khoanh_vùng khoàn khoái_cảm khoáng khoáng_chất khu_công_nghiệp khu_trú khu_tập_thể khu_đô_thị khung_giá khuya khuyến_mãi khuyết_tật khuâ khuân khuôn_mặt khuôn_viên khuấy_đảo khuấy_động khuếch_trương khuếch_đại khuỵu khyên khz khác_biệt khác_twitter khách_quan khái_quát khán_phòng kháng_chiến kháng_nguyên kháng_sinh kháng_thể kháng_viêm khát_khao khâm_phục khâu_vá khí_công khí_huyết khí_quản khí_sắc khí_tượng_thủy_văn khích_lệ khó_chịu khóa_trình không_mỹ không_quân không_trung_quốc khơe khạp khảo_thí khất khấu_hao khẩu_phần khẩu_vị khẩu_độ khẳnh khế khỏe_mạnh khối_u khởi_my_noo_phước_thịnh khởi_nguồn khởi_sắc khởi_điểm khứu_giác kickstarter kieny killdisk kim_cheol_gi kim_chi kim_cương kim_hoàng_hiệp kim_tiêm kim_tự_tháp kim_young kim_đồng kinh_công kinh_nguyệt kinh_phí kinh_tế_thị_trường kinh_tế_tri_thức kinnon kios kiên_định kiêng kiêng_khem kiêng_kị kiêng_kỵ kiến_nghị kiến_thiết kiến_văn kiềm_chế kiềng kiều_thế_hưng kiểu_dáng kiện_cáo kiện_toàn kiệng kiệu kleiner_perkins kohei_toda kon_tum kordestani kuwait kè_kè kèm_cặp kém_cạnh kén_chọn kéo_theo kêu_ca kì_vọng kìm_kẹp kình_địch kích_cầu kích_cỡ kích_thích_tố kính_trọng kính_yêu ký_hiệu ký_sinh_trùng ký_tên ký_tự kĩ_năng kĩ_thuật kẹp kẽm kế_hoạch_hóa_gia_đình kế_nhiệm kết_dính kết_liễu kết_mạc kể_lể kịch_bản kịp_thời kỳ_thị kỳ_thủ kỷ_cương kỹ_thuật_số lacey lacey_buchanan lacey_buchanan_chris lacey_chris lactic lactose lai_tạo lan_rộng lan_truyền langone lanolin laptop larry larry_page lary las_vegas laser lay_động lcd lcd_amoled lcd_se ldl le_max_pro learning lee_rowland lee_se legends lego leica_camera lenovo lenovo_cùng lenovo_service_engine lenovo_services_engine lens leonard lesterol letung lg_g4 lg_g5 liberté lightning like_facebook like_sharre linder linh_kiện link link_thời linknyc lipolysis lisa_shives listeria listeriosis literacy liu_wen live_photos live_streaming live_video live_video_facebook liverpool liveshow liên_chiểu liên_hiệp liên_hiệp_quốc liên_thông liên_tưởng liếm liều_lượng liệu_facebook lo_toan load lomonoxop_nga long_term_evolution long_điền loren_greenway lorinda lorinda_hern lorinda_hern_nam_phi lorinda_rhino_rescue_project lorteti lozi loãng_xương loét lse_bios lse” lte_lte lte  lte” lte… lts lumia lumia_microsoft lumia_microsoft_việt_nam lung luyê luân_chuyển luân_lý luân_phiên luôn luật_an luật_chơi luật_cán luật_doanh luật_dân luật_dân_sự luật_giaó luật_giáo luật_hình luật_tố luật_viễn luật_xuất luật_xuất_việt_nam luộc là_việt làn_đường lành lá_cờ láchb lái_buôn láng_giềng lát lâm_nghiệp lâm_quan_thiệp lâm_quang_thiệp lâm_đồng lâu_nay lây_truyền lãi_suất lãng_quên lãnh_sự lãnh_vực lãnh_địa lão_hóa lê_bạch_mai lê_hoàng_hiệp lê_huy_hàm lê_lết lê_nhật_nam lê_quý_đôn lê_thạch lê_thị_bạch_mai lê_thị_hải lê_thị_thanh_hương lê_trường_tùng lê_viết_khuyến lê_việt_hà lê_văn_hiệp lê_văn_hảo lê_văn_lai lê_văn_truyền lên_đời lênh_đênh lí_giải lít lòng_trắng lòng_đỏ lôgic lông_mày lúa_mạch lúi_húi lý_luận lăng_quăng lđtbxh lĩnh_hội lũ_lụt lưu_quốc_khải lưu_thông lưu_văn_sủng lưy lương_thế_vinh lười lượn_lờ lạm_quyền lảng_tránh lấn_lướt lầng lẫn_lộn lập_nghiệp lắc_đầu lắp_ráp lệ_phí lệ_tục lịm lọc_khí lọn lọt_top lốp lồng_ngực lớp_lớp lợi_hại lợi_tức lụa lụi lựạ m_schmidt maastricht macbook mackinnon macro magic_leap magna_charta_universitatum_bologna mai_anh mai_nguyên mai_triều_nguyên mai_táng mao_mạch mapp_biopharmaceutical marie-paule mark_zuckerberg marketer marketting maroc mashable massage master_plan max may_rủi may_ô mayo mbps media_hiện mediatek megapixel melatonin melissa_vincent mers mers-cov message messenger messenger_trong metabolism methamphetamine methicillin micorosoft microphone microsoft_intel microsoft_mặc microsoft_việt_nam microsoft_yahoo milk milk” mimo minh_chứng minh_ngần minh_tinh minh_định minnesota misfit miễn_cưỡng miễn_dịch miễn_nhiễm mkm mmhg mobifone mobile mobile_continuum mobile_wi mocha model module moi-bo mong_ước morbillivirus_paramyxoviridae motion motorola mozilla mrsa msm mua_bán muối_khoáng muối_ăn muỗi_aedes muỗng mwc mwpbt mà_tư màng_nhĩ máu_cam máy_chủ máy_phát_điện máy_xách_tay mâm mãn_kinh mét_vuông mê_mệt mía mô_típ môn_học môn_toán mông_cổ môtj mùi_vị mùng múi mơ_mộng mơ_tưởng mạch_máu mạn_phép mất_ngủ mất_trí mẫn_cảm mẫu_mã mẫu_xperia mật_khẩu mật_mã mắng_mỏ mắt_cá mắt_mũi mắt_xích mẹ_cino mếu mệt_lả mệt_mỏi mọc mồi mỗi_câu mộng_du một_chiều một_phần_ba một_phần_tư mộtthực mỡ_phần mụn mứctiêu mửa mỹ_asus mỹ_hà_nội mỹ_thuật mỹ_tâm mỹ_tâm_khởi_my nam_khoa nam_viê nashville_christian natri nbn neomycin netflix new_america new_caledonia nexus nga_nhi nga_putin nga_top nganh-huong-mot-ty ngay_giám ngay_thổ_nhĩ_kỳ_nga nghi_lễ nghi_ngại nghi_thức nghiên_cứu_sinh nghiến_siết nghẽn nghệp nghị_trung nghị_đảng nghị_định ngoa ngoáy ngoại_ngữ ngoại_trú nguy_cơ nguyên_bản nguyên_liệu nguyên_văn nguyễn_anh_tuấn nguyễn_duy_ánh nguyễn_hoàng_trung nguyễn_hồng_phúc nguyễn_khắc_định nguyễn_minh_khôi nguyễn_minh_thuyết nguyễn_mạnh_hùng nguyễn_ngọc_chu nguyễn_nhật_cảm nguyễn_phương_nga nguyễn_quang_phi_tín nguyễn_quý_phương nguyễn_quốc_vương nguyễn_thanh_long nguyễn_thị_doan nguyễn_thị_kim_phụng nguyễn_thị_kim_tiến nguyễn_thị_thu_hậu nguyễn_tiến_dũng nguyễn_văn_cường nguyễn_văn_nguyên nguyễn_văn_nhã nguyễn_văn_thường nguyễn_đăng_khoa nguyễn_đắc_phu nguyện_vọng nguầy nguồn_bộ nguồn_cục ngáp ngôn_luận ngũ_cốc ngũ_tạng ngũ_vị ngưng_trệ người_bệnh người_việt_nam ngạch_bậc ngại_ngùng ngất ngẩng ngậm_miệng ngọc_minh ngọc_quang ngọc_thanh ngồi_các ngồi_thiền ngộ_độc ngủ_đông ngứa_mắt ngữ_âm nha_chu nha_sĩ nhanh nhay nhiêm nhiếp_ảnh nhiễm_bệnh nhiễm_khuẩn nhiễm_sắc_thể nhiễm_độc nhuâ nhà_báo nhà_trường nhà_vệ nhà_vệ_sinh nhà_xuất nhâm_nhi nhân_khẩu nhân_kiệt nhãn_hiệu nhòe nhóm_việc nhĩ_việt_nam như_dự như_vậy nhưng_việt_nam nhạc_sĩ nhảy_dây nhấm_nháp nhấp nhập_học nhập_trường nhắc_nhật_bản nhắn_tin những_apple những_microsoft nickname nicole_ruddock nicotin nik_van_larenbeke nikkei niêm_mạc norepinephrine northeastenr npo nq-77 nq29 nuốt_chửng nxb nyc nàyt nên_chăng nói_chung nôn_mửa nông-lâmb nông_nghiệp nước_bọt nước_dùng nước_hoa nước_lạnh nước_lọc nước_lớn nước_mũi nước_tiểu nước_ăn nước_đại nước_ối nướu nản_lòng nấm_men nấm_mốc nẩy_nở nằm_xuống nề_nếp nịnh nồng_độ nỗi_buồn nội_soi nội_thành nội_tiết_tố nội_địa_hóa nữ_giới oecd ofdma operation_manual_guideline original otg oxy_hóa oán_giận palo_alto panorama pathways paul_lee pebble pew phaco phanh phoenix_kontact_cộng phone phone_melissa_vincent phone_samsung photoshop phun phunudep phytochemical phái_đẹp phán_xét pháp_quyền phân_bổ phân_công phân_tử phì phí_phù_hợp phí_thấp phím phòng_bệnh phòng_dịch phòng_khám phó_viện_trưởng phù_du phù_nề phú_xuân phú_yên phúc_lợi phút_giây phă phương_hướng phạm_hưng_củng phạm_ngà phạm_thị_ly phạm_vũ_luận phản_biện phần_cứng phẩn phẫu_thuật phế_quản phốt-pho phồng phổi phụ_kiện phục_tùng pic-gmp play polyp prednisolone prednisone psychiatry psychological_science psyd qahe qualcomm quality quan_kiện quan_sát_viên quan_thuế quan_trọng quang_học quatar quách_hoàng quán_ăn quát_tháo quần_bò quần_jean quần_lót quần_đùi quầng quận_cầu_giấy quết quốc_dân quỹ_nhi r1h radar rau_sống rocket rubella rubellar run_rẩy rác_rưởi rèn_giũa rót rượu_mạnh rạp rộp salt_lake samsung schamberg sense serotonin sidewalk_labs silicon_graphics sinh_lực siêu_mẫu smarphone smartphone sony_ericsson sottek startup steve_job steve_jobs stress suâ suô sâu_răng sút_cân sơ_mi sơ_ý sưng sản_sinh sắc_tố sốt_ruột sứ_mạng sữa_tươi t-mobile taurine taxi tdtt techinasia testosterone tham_mưu thanh_tra thcs_pv thcs_thpt thcs… the_verge things thiên_thời thu_chi thu_giữ thu_ngân thuan thuâ thuật_toán thuốc_lá thuốc_nước thuốc_tiêm thuốc_trừ_sâu tháo_gỡ thân_nhiệt thí_sinh thông_số thõng thú_nhận thăm_hỏi thăm_trạm thư_giãn thảo_nguyên thần_kinh_trung_ương thận thế_luân thể_cách thể_trọng thịnh_quang thủy_tinh_thể thủy_đậu thứ_sáu tin_học_hóa tin_đồn tinh_hoa tiên_lượng tiếng_động tiếp_nối tiền_liệt_tuyến tiền_sử trai_trẻ triệt_tiêu trung_quô trung_tâm_công trân_trọng trình_diễn trình_làng trò_facebook trú_ẩn trước_đà_nẵng trường_đại trầm_cảm trần_ngọc_thạch trần_đắc_phu trật_tự trẻ_hóa trứng tuyến_giáp tuyến_tiền_liệt tuê tâm_thần_học tân_trang tích_tụ tạm_trú tạm_vắng tắc_kè tổng_lượng tổng_đài tử_cung ubnd uể_oải vi_ba vi_chất vi_lượng vi_phạm vi_sinh_vật video_có viện_hàn viện_đào việt_bộ vnmedia vương_miện vắc về_việt_nam vệ_sinh vụ_án wi-fi xen_kẽ xoang xuân_trung xức zing ăn_mặc đau_nhức đbscl điều_hành đua_tranh đúng đắm đề_kháng đối_chứng đối_việt_nam đồnng đỗ_tuấn_đạt ưu-nhượcb 